nthreads, s
1, 0.5559424
2, 0.3184331
3, 0.2695399
4, 0.25037750000000003
5, 0.2441269
6, 0.2172136
7, 0.19861960000000004
8, 0.20851830000000002
9, 0.233908
10, 0.2450443
11, 0.2469093
12, 0.26683739999999995
13, 0.26705599999999996
14, 0.28450490000000006
15, 0.2796881
16, 0.33026859999999997
17, 0.34220839999999997
18, 0.36645669999999997
19, 0.36681629999999993
20, 0.33001230000000004
